timestamp,level,service,message
2026-02-02T16:19:42.076646,INFO,search,User login
2026-02-02T16:19:42.278249,INFO,orders,User login
2026-02-02T16:19:42.481129,INFO,orders,Request OK
2026-02-02T16:19:42.682224,ERROR,orders,Timeout
2026-02-02T16:19:42.883819,WARN,orders,User login
2026-02-02T16:19:43.086198,INFO,auth,Cache hit
2026-02-02T16:19:43.287867,INFO,payment,Request OK
2026-02-02T16:19:43.490273,INFO,auth,Cache hit
2026-02-02T16:19:43.692332,INFO,auth,Request OK
2026-02-02T16:19:43.897574,INFO,orders,User login
2026-02-02T16:19:44.109953,INFO,orders,Cache hit
2026-02-02T16:19:44.315518,INFO,orders,User login
2026-02-02T16:19:44.517964,INFO,orders,User login
2026-02-02T16:19:44.719398,INFO,payment,Request OK
2026-02-02T16:19:44.920650,INFO,orders,Cache hit
2026-02-02T16:19:45.122785,INFO,auth,Request OK
2026-02-02T16:19:45.681179,INFO,orders,User login
2026-02-02T16:19:45.935995,INFO,payment,Cache hit
2026-02-02T16:19:46.141801,INFO,orders,Request OK
2026-02-02T16:19:46.346481,INFO,payment,Request OK
2026-02-02T16:19:46.548232,WARN,search,Cache hit
2026-02-02T16:19:46.772352,ERROR,payment,Timeout
2026-02-02T16:19:46.974557,INFO,search,Cache hit
2026-02-02T16:19:47.180581,INFO,orders,Request OK
2026-02-02T16:19:47.392211,INFO,search,Cache hit
2026-02-02T16:19:47.593513,WARN,payment,Request OK
2026-02-02T16:19:47.801799,INFO,orders,Cache hit
2026-02-02T16:19:48.003006,INFO,search,User login
2026-02-02T16:19:48.204347,INFO,orders,User login
2026-02-02T16:19:48.405572,INFO,search,Request OK
2026-02-02T16:19:48.636748,INFO,auth,Cache hit
2026-02-02T16:19:48.837822,INFO,payment,User login
2026-02-02T16:19:49.039510,INFO,search,Request OK
2026-02-02T16:19:49.241742,INFO,search,Cache hit
2026-02-02T16:19:49.442978,INFO,auth,Request OK
2026-02-02T16:19:49.654299,INFO,search,Cache hit
2026-02-02T16:19:49.857850,INFO,orders,Cache hit
2026-02-02T16:19:50.063460,INFO,orders,Cache hit
2026-02-02T16:19:50.350451,INFO,search,User login
2026-02-02T16:19:50.704661,INFO,orders,User login
2026-02-02T16:19:51.086115,WARN,search,User login
2026-02-02T16:19:51.287120,INFO,auth,User login
2026-02-02T16:19:51.488090,INFO,orders,User login
2026-02-02T16:19:51.694046,INFO,payment,Request OK
2026-02-02T16:19:51.895895,ERROR,search,DB failure
2026-02-02T16:19:52.103617,INFO,search,User login
2026-02-02T16:19:52.307354,INFO,orders,Cache hit
2026-02-02T16:19:52.509898,INFO,search,User login
2026-02-02T16:19:52.712366,INFO,payment,Request OK
2026-02-02T16:19:52.913939,INFO,search,Cache hit
2026-02-02T16:19:53.115468,WARN,auth,User login
2026-02-02T16:19:53.316923,INFO,orders,Request OK
2026-02-02T16:19:53.518268,INFO,orders,User login
2026-02-02T16:19:53.720365,INFO,orders,User login
2026-02-02T16:19:53.922314,INFO,search,User login
2026-02-02T16:19:54.123538,INFO,payment,User login
2026-02-02T16:19:54.324780,INFO,payment,Request OK
2026-02-02T16:19:54.526736,INFO,search,Request OK
2026-02-02T16:19:54.728654,INFO,search,Request OK
2026-02-02T16:19:54.929642,INFO,payment,Request OK
2026-02-02T16:19:55.139672,INFO,payment,User login
2026-02-02T16:19:55.431615,INFO,orders,Cache hit
2026-02-02T16:19:55.820052,INFO,payment,Cache hit
2026-02-02T16:19:56.023295,ERROR,payment,Timeout
2026-02-02T16:19:56.227996,INFO,auth,User login
2026-02-02T16:19:56.431733,INFO,search,Request OK
2026-02-02T16:19:56.633444,INFO,orders,User login
2026-02-02T16:19:56.932869,ERROR,payment,DB failure
2026-02-02T16:19:57.172336,INFO,orders,Request OK
2026-02-02T16:19:57.379833,ERROR,search,DB failure
2026-02-02T16:19:57.582424,INFO,auth,User login
2026-02-02T16:19:57.784890,INFO,auth,User login
2026-02-02T16:19:57.987450,INFO,search,User login
2026-02-02T16:19:58.188774,ERROR,orders,DB failure
2026-02-02T16:19:58.390609,INFO,search,Request OK
2026-02-02T16:19:58.593474,INFO,auth,Cache hit
2026-02-02T16:19:58.796283,INFO,search,Cache hit
2026-02-02T16:19:58.998315,INFO,payment,Request OK
2026-02-02T16:19:59.199827,INFO,payment,User login
2026-02-02T16:19:59.401136,INFO,payment,Request OK
2026-02-02T16:19:59.611416,INFO,orders,Request OK
2026-02-02T16:19:59.813723,INFO,orders,User login
2026-02-02T16:20:00.017539,INFO,orders,Request OK
2026-02-02T16:20:00.220342,INFO,orders,Cache hit
2026-02-02T16:20:00.426087,INFO,orders,Request OK
2026-02-02T16:20:00.636462,INFO,payment,Cache hit
2026-02-02T16:20:00.838967,INFO,orders,Cache hit
2026-02-02T16:20:01.042277,INFO,search,Cache hit
2026-02-02T16:20:01.244797,INFO,search,Request OK
2026-02-02T16:20:01.449298,INFO,auth,Cache hit
2026-02-02T16:20:01.661176,INFO,auth,Cache hit
2026-02-02T16:20:01.863087,INFO,payment,User login
2026-02-02T16:20:02.065612,INFO,orders,Cache hit
2026-02-02T16:20:02.267939,INFO,payment,Cache hit
2026-02-02T16:20:02.469171,INFO,orders,User login
2026-02-02T16:20:02.675902,WARN,search,Request OK
2026-02-02T16:20:02.885462,INFO,search,Request OK
2026-02-02T16:20:03.096976,INFO,auth,Request OK
2026-02-02T16:20:03.315255,INFO,orders,User login
2026-02-02T16:20:03.528323,WARN,auth,Request OK
2026-02-02T16:20:03.731594,INFO,payment,Cache hit
2026-02-02T16:20:03.935155,INFO,payment,Request OK
2026-02-02T16:20:04.140789,INFO,orders,Request OK
2026-02-02T16:20:04.359196,ERROR,search,DB failure
2026-02-02T16:20:04.575163,INFO,orders,Cache hit
2026-02-02T16:20:04.782497,INFO,orders,Request OK
2026-02-02T16:20:05.050310,INFO,auth,Request OK
2026-02-02T16:20:05.419210,WARN,search,Cache hit
2026-02-02T16:20:05.669048,INFO,orders,Cache hit
2026-02-02T16:20:05.928433,WARN,auth,User login
2026-02-02T16:20:06.137211,INFO,search,User login
2026-02-02T16:20:06.410087,INFO,search,User login
2026-02-02T16:20:06.661780,INFO,orders,User login
2026-02-02T16:20:06.883226,ERROR,payment,Null pointer
2026-02-02T16:20:07.102580,INFO,orders,User login
2026-02-02T16:20:07.310032,INFO,orders,User login
2026-02-02T16:20:07.512351,INFO,auth,User login
2026-02-02T16:20:07.713685,INFO,search,Request OK
2026-02-02T16:20:07.915092,INFO,auth,User login
2026-02-02T16:20:08.116409,INFO,search,Request OK
2026-02-02T16:20:08.318407,INFO,orders,Request OK
2026-02-02T16:20:08.525480,INFO,payment,Request OK
2026-02-02T16:20:08.729196,INFO,orders,User login
2026-02-02T16:20:08.930914,INFO,orders,Request OK
2026-02-02T16:20:09.132698,INFO,auth,Cache hit
2026-02-02T16:20:09.334118,INFO,payment,Cache hit
2026-02-02T16:20:09.538015,INFO,orders,Request OK
2026-02-02T16:20:09.741327,INFO,payment,Cache hit
2026-02-02T16:20:09.943183,INFO,search,User login
2026-02-02T16:20:10.144817,INFO,payment,Cache hit
2026-02-02T16:20:10.346784,INFO,search,Request OK
2026-02-02T16:20:10.549656,WARN,orders,User login
2026-02-02T16:20:10.752220,WARN,payment,Cache hit
2026-02-02T16:20:10.954993,INFO,payment,User login
2026-02-02T16:20:11.157509,INFO,search,Request OK
2026-02-02T16:20:11.364365,INFO,search,Cache hit
2026-02-02T16:20:11.566910,INFO,search,Request OK
2026-02-02T16:20:11.769196,INFO,payment,Cache hit
2026-02-02T16:20:11.970493,WARN,payment,Cache hit
2026-02-02T16:20:12.171641,INFO,search,User login
2026-02-02T16:20:12.372687,INFO,search,User login
2026-02-02T16:20:12.573983,INFO,search,Request OK
2026-02-02T16:20:12.775863,INFO,payment,Cache hit
2026-02-02T16:20:12.977873,INFO,orders,Cache hit
2026-02-02T16:20:13.179575,INFO,auth,Cache hit
2026-02-02T16:20:13.380799,INFO,search,Cache hit
2026-02-02T16:20:13.582695,ERROR,search,DB failure
2026-02-02T16:20:13.783976,WARN,payment,Request OK
2026-02-02T16:20:13.985267,INFO,orders,Cache hit
2026-02-02T16:20:14.186371,INFO,search,User login
2026-02-02T16:20:14.387645,INFO,payment,Request OK
2026-02-02T16:20:14.588942,INFO,payment,Request OK
2026-02-02T16:20:14.790186,INFO,orders,User login
2026-02-02T16:20:14.992677,INFO,auth,Cache hit
2026-02-02T16:20:15.194258,INFO,auth,User login
2026-02-02T16:20:15.396337,INFO,search,Request OK
2026-02-02T16:20:15.597573,INFO,payment,Cache hit
2026-02-02T16:20:15.798620,WARN,auth,User login
2026-02-02T16:20:16.000822,INFO,auth,Cache hit
2026-02-02T16:20:16.202561,ERROR,auth,Null pointer
2026-02-02T16:20:16.403920,INFO,auth,Request OK
2026-02-02T16:20:16.606024,ERROR,auth,Null pointer
2026-02-02T16:20:16.809952,INFO,orders,User login
2026-02-02T16:20:17.012023,INFO,search,Cache hit
2026-02-02T16:20:17.213007,INFO,payment,Request OK
2026-02-02T16:20:17.414216,INFO,search,Request OK
2026-02-02T16:20:17.616071,INFO,payment,User login
2026-02-02T16:20:17.817332,WARN,orders,Request OK
2026-02-02T16:20:18.018660,INFO,auth,User login
2026-02-02T16:20:18.220780,INFO,auth,Request OK
2026-02-02T16:20:18.422493,ERROR,payment,DB failure
2026-02-02T16:20:18.628230,INFO,orders,User login
2026-02-02T16:20:18.830685,INFO,auth,User login
2026-02-02T16:20:19.032563,INFO,payment,Cache hit
2026-02-02T16:20:19.234535,INFO,auth,Request OK
2026-02-02T16:20:19.437249,INFO,payment,User login
2026-02-02T16:20:19.639153,INFO,payment,User login
2026-02-02T16:20:19.840664,INFO,orders,User login
2026-02-02T16:20:20.042252,ERROR,orders,DB failure
2026-02-02T16:20:20.243285,INFO,auth,Request OK
2026-02-02T16:20:20.445335,INFO,orders,User login
2026-02-02T16:20:20.647340,WARN,payment,User login
2026-02-02T16:20:20.848511,INFO,orders,Cache hit
2026-02-02T16:20:21.050393,INFO,search,Request OK
2026-02-02T16:20:21.251754,INFO,payment,Cache hit
2026-02-02T16:20:21.454320,INFO,auth,User login
2026-02-02T16:20:21.658087,INFO,auth,Request OK
2026-02-02T16:20:21.859951,INFO,search,Cache hit
2026-02-02T16:20:22.061818,INFO,orders,User login
2026-02-02T16:20:22.263765,INFO,search,Cache hit
2026-02-02T16:20:22.465774,INFO,search,Request OK
2026-02-02T16:20:22.667262,INFO,orders,User login
2026-02-02T16:20:22.869741,INFO,orders,Cache hit
2026-02-02T16:20:23.071447,INFO,payment,Request OK
2026-02-02T16:20:23.272863,INFO,auth,Request OK
2026-02-02T16:20:23.474798,INFO,orders,User login
2026-02-02T16:20:23.675994,INFO,payment,User login
2026-02-02T16:20:23.877422,INFO,orders,Request OK
2026-02-02T16:20:24.078625,INFO,auth,Request OK
2026-02-02T16:20:24.280237,ERROR,orders,Timeout
2026-02-02T16:20:24.481687,INFO,payment,Request OK
2026-02-02T16:20:24.682703,WARN,search,Cache hit
2026-02-02T16:20:24.884057,INFO,auth,Request OK
2026-02-02T16:20:25.085963,INFO,orders,Cache hit
2026-02-02T16:20:25.288069,ERROR,orders,DB failure
2026-02-02T16:20:25.489691,INFO,orders,Cache hit
2026-02-02T16:20:25.691320,INFO,auth,Request OK
2026-02-02T16:20:25.892396,INFO,payment,User login
2026-02-02T16:20:26.093528,INFO,search,Request OK
2026-02-02T16:20:26.294582,WARN,search,User login
2026-02-02T16:20:26.495835,INFO,payment,User login
2026-02-02T16:20:26.697368,INFO,auth,User login
2026-02-02T16:20:26.898797,INFO,auth,Request OK
2026-02-02T16:20:27.102459,INFO,orders,User login
2026-02-02T16:20:27.305023,WARN,search,User login
2026-02-02T16:20:27.506317,WARN,payment,Request OK
2026-02-02T16:20:27.709910,INFO,payment,Request OK
2026-02-02T16:20:27.911190,INFO,search,User login
2026-02-02T16:20:28.112220,INFO,orders,Cache hit
2026-02-02T16:20:28.313359,INFO,auth,User login
2026-02-02T16:20:28.515538,INFO,search,User login
2026-02-02T16:20:28.718083,INFO,auth,Request OK
2026-02-02T16:20:28.919570,INFO,orders,User login
2026-02-02T16:20:29.120774,INFO,orders,Cache hit
2026-02-02T16:20:29.322613,ERROR,orders,Timeout
2026-02-02T16:20:29.523905,INFO,auth,Cache hit
2026-02-02T16:20:29.725492,ERROR,orders,DB failure
2026-02-02T16:20:29.927098,INFO,payment,Cache hit
2026-02-02T16:20:30.128534,INFO,search,Request OK
2026-02-02T16:20:30.330337,ERROR,search,Null pointer
2026-02-02T16:20:30.533043,INFO,payment,User login
2026-02-02T16:20:30.739138,INFO,payment,Cache hit
2026-02-02T16:20:30.941823,INFO,search,User login
2026-02-02T16:20:31.144024,ERROR,auth,Timeout
2026-02-02T16:20:31.345347,INFO,payment,Cache hit
2026-02-02T16:20:31.546408,INFO,payment,Cache hit
2026-02-02T16:20:31.748427,ERROR,orders,Timeout
2026-02-02T16:20:31.950736,INFO,payment,User login
2026-02-02T16:20:32.151804,WARN,orders,Cache hit
2026-02-02T16:20:32.353123,ERROR,search,Null pointer
2026-02-02T16:20:32.554177,INFO,auth,Request OK
2026-02-02T16:20:32.755580,INFO,auth,Cache hit
2026-02-02T16:20:32.958170,INFO,payment,User login
2026-02-02T16:20:33.161483,INFO,auth,Cache hit
2026-02-02T16:20:33.365304,INFO,search,Cache hit
2026-02-02T16:20:33.566555,INFO,payment,Request OK
2026-02-02T16:20:33.767875,WARN,payment,User login
2026-02-02T16:20:33.969436,WARN,auth,Request OK
2026-02-02T16:20:34.170661,INFO,payment,Cache hit
2026-02-02T16:20:34.372433,INFO,payment,Cache hit
2026-02-02T16:20:34.573652,ERROR,orders,DB failure
2026-02-02T16:20:34.774771,WARN,payment,User login
2026-02-02T16:20:34.976055,INFO,search,Request OK
2026-02-02T16:20:35.177270,INFO,payment,Request OK
2026-02-02T16:20:35.378690,INFO,auth,Cache hit
2026-02-02T16:20:35.580864,INFO,orders,Cache hit
2026-02-02T16:20:35.783145,INFO,payment,Request OK
2026-02-02T16:20:35.987921,INFO,auth,User login
2026-02-02T16:20:36.189556,INFO,auth,Cache hit
2026-02-02T16:20:36.391265,INFO,auth,Request OK
2026-02-02T16:20:36.594346,INFO,search,Request OK
2026-02-02T16:20:36.796672,INFO,auth,Request OK
2026-02-02T16:20:36.998946,INFO,orders,User login
2026-02-02T16:20:37.203154,INFO,auth,User login
2026-02-02T16:20:37.405600,INFO,auth,Cache hit
2026-02-02T16:20:37.607825,INFO,payment,Request OK
2026-02-02T16:20:37.809429,INFO,search,User login
2026-02-02T16:20:38.010711,INFO,auth,Request OK
2026-02-02T16:20:38.211981,INFO,auth,User login
2026-02-02T16:20:38.414289,WARN,payment,Request OK
2026-02-02T16:20:38.616072,INFO,payment,Cache hit
2026-02-02T16:20:38.818112,INFO,auth,Request OK
2026-02-02T16:20:39.019825,INFO,orders,Cache hit
2026-02-02T16:20:39.221983,INFO,search,Cache hit
2026-02-02T16:20:39.423120,ERROR,payment,Null pointer
2026-02-02T16:20:39.624166,INFO,search,User login
2026-02-02T16:20:39.825260,INFO,payment,User login
2026-02-02T16:20:40.026527,INFO,orders,User login
2026-02-02T16:20:40.227729,INFO,payment,Request OK
2026-02-02T16:20:40.430015,INFO,orders,Cache hit
2026-02-02T16:20:40.633175,INFO,search,Cache hit
2026-02-02T16:20:40.835831,INFO,auth,Cache hit
2026-02-02T16:20:41.037362,WARN,payment,Request OK
2026-02-02T16:20:41.238758,INFO,search,Request OK
2026-02-02T16:20:41.440765,INFO,orders,Cache hit
2026-02-02T16:20:41.642475,INFO,auth,Request OK
2026-02-02T16:20:41.847354,WARN,auth,User login
2026-02-02T16:20:42.050537,INFO,auth,Request OK
2026-02-02T16:20:42.251733,INFO,auth,User login
2026-02-02T16:20:42.453190,WARN,search,Request OK
2026-02-02T16:20:42.655124,INFO,orders,Request OK
2026-02-02T16:20:42.857456,INFO,orders,User login
2026-02-02T16:20:43.059523,INFO,orders,Request OK
2026-02-02T16:20:43.260919,INFO,auth,Cache hit
2026-02-02T16:20:43.463144,INFO,orders,Cache hit
2026-02-02T16:20:43.666581,INFO,search,User login
2026-02-02T16:20:43.867688,INFO,auth,User login
2026-02-02T16:20:44.069029,INFO,payment,User login
2026-02-02T16:20:44.270300,INFO,search,User login
2026-02-02T16:20:44.471911,INFO,payment,User login
2026-02-02T16:20:44.673392,INFO,auth,Cache hit
2026-02-02T16:20:44.875492,INFO,auth,User login
2026-02-02T16:20:45.077727,INFO,search,Request OK
2026-02-02T16:20:45.282275,WARN,search,User login
2026-02-02T16:20:45.484079,WARN,search,Request OK
2026-02-02T16:20:45.685340,INFO,orders,Request OK
2026-02-02T16:20:45.886643,INFO,auth,Cache hit
2026-02-02T16:20:46.088023,INFO,search,Cache hit
2026-02-02T16:20:46.289614,INFO,search,Cache hit
2026-02-02T16:20:46.490972,INFO,orders,Cache hit
2026-02-02T16:20:46.692233,INFO,auth,Request OK
2026-02-02T16:20:46.893570,INFO,orders,Cache hit
2026-02-02T16:20:47.094736,INFO,auth,User login
2026-02-02T16:20:47.296454,INFO,search,User login
2026-02-02T16:20:47.497799,INFO,auth,Request OK
2026-02-02T16:20:47.699139,INFO,orders,Cache hit
2026-02-02T16:20:47.900987,INFO,search,Cache hit
2026-02-02T16:20:48.102580,WARN,payment,Request OK
2026-02-02T16:20:48.304432,INFO,search,Request OK
2026-02-02T16:20:48.506561,INFO,orders,Request OK
2026-02-02T16:20:48.708539,INFO,auth,User login
2026-02-02T16:20:48.919304,INFO,auth,Request OK
2026-02-02T16:20:49.121021,INFO,orders,Request OK
2026-02-02T16:20:49.322320,INFO,auth,User login
2026-02-02T16:20:49.523568,INFO,search,User login
2026-02-02T16:20:49.724775,INFO,auth,Cache hit
2026-02-02T16:20:49.926494,INFO,auth,User login
2026-02-02T16:20:50.129840,INFO,search,Request OK
2026-02-02T16:20:50.332441,INFO,payment,Cache hit
2026-02-02T16:20:50.534338,INFO,search,Request OK
2026-02-02T16:20:50.735550,ERROR,search,DB failure
2026-02-02T16:20:50.936787,INFO,search,User login
2026-02-02T16:20:51.138704,WARN,search,Cache hit
2026-02-02T16:20:51.339919,INFO,payment,Request OK
2026-02-02T16:20:51.541311,ERROR,payment,Null pointer
2026-02-02T16:20:51.744428,INFO,orders,Cache hit
2026-02-02T16:20:51.946195,INFO,search,Request OK
2026-02-02T16:20:52.148999,ERROR,auth,Null pointer
2026-02-02T16:20:52.350861,INFO,orders,Cache hit
2026-02-02T16:20:52.552184,WARN,auth,Cache hit
2026-02-02T16:20:52.753948,INFO,orders,Cache hit
2026-02-02T16:20:52.955567,INFO,search,Request OK
2026-02-02T16:20:53.157555,INFO,auth,Request OK
2026-02-02T16:20:53.358703,INFO,orders,Cache hit
2026-02-02T16:20:53.560065,INFO,search,Cache hit
2026-02-02T16:20:53.761928,INFO,payment,Request OK
2026-02-02T16:20:53.964276,INFO,orders,Request OK
2026-02-02T16:20:54.165455,INFO,payment,Cache hit
2026-02-02T16:20:54.366583,INFO,orders,User login
2026-02-02T16:20:54.567814,INFO,search,Request OK
2026-02-02T16:20:54.769106,INFO,payment,Request OK
2026-02-02T16:20:54.971001,INFO,auth,Cache hit
2026-02-02T16:20:55.172388,ERROR,auth,DB failure
2026-02-02T16:20:55.374619,INFO,orders,Cache hit
2026-02-02T16:20:55.575811,INFO,auth,Request OK
2026-02-02T16:20:55.777615,INFO,auth,Request OK
2026-02-02T16:20:55.982580,INFO,payment,Cache hit
2026-02-02T16:20:56.183917,INFO,payment,Cache hit
2026-02-02T16:20:56.386176,ERROR,auth,Timeout
2026-02-02T16:20:56.587366,INFO,auth,Request OK
2026-02-02T16:20:56.789428,INFO,search,Cache hit
2026-02-02T16:20:56.990856,INFO,orders,Request OK
2026-02-02T16:20:57.194553,INFO,auth,Cache hit
2026-02-02T16:20:57.395768,INFO,auth,Request OK
2026-02-02T16:20:57.596912,INFO,payment,User login
2026-02-02T16:20:57.798180,INFO,payment,Request OK
2026-02-02T16:20:57.999416,INFO,auth,Cache hit
2026-02-02T16:20:58.201533,WARN,search,Cache hit
2026-02-02T16:20:58.404885,INFO,search,Request OK
2026-02-02T16:20:58.606389,ERROR,payment,Timeout
2026-02-02T16:20:58.808752,INFO,payment,Request OK
2026-02-02T16:20:59.010124,INFO,search,Request OK
2026-02-02T16:20:59.212020,INFO,search,User login
2026-02-02T16:20:59.414487,INFO,auth,Cache hit
2026-02-02T16:20:59.615781,INFO,payment,User login
2026-02-02T16:20:59.816864,INFO,auth,Request OK
2026-02-02T16:21:00.023274,INFO,orders,User login
2026-02-02T16:21:00.225916,WARN,search,User login
2026-02-02T16:21:00.427161,INFO,orders,Request OK
2026-02-02T16:21:00.628386,INFO,payment,Cache hit
2026-02-02T16:21:00.829659,ERROR,auth,DB failure
2026-02-02T16:21:01.031419,INFO,orders,Request OK
2026-02-02T16:21:01.233624,INFO,search,Request OK
2026-02-02T16:21:01.434756,INFO,payment,Cache hit
2026-02-02T16:21:01.635877,INFO,auth,Cache hit
2026-02-02T16:21:01.837778,INFO,orders,Request OK
2026-02-02T16:21:02.039376,WARN,payment,User login
2026-02-02T16:21:02.241260,INFO,auth,User login
2026-02-02T16:21:02.443383,INFO,search,Request OK
2026-02-02T16:21:02.645205,INFO,orders,User login
2026-02-02T16:21:02.846173,INFO,auth,User login
2026-02-02T16:21:03.048067,INFO,search,Request OK
2026-02-02T16:21:03.249255,ERROR,search,Null pointer
2026-02-02T16:21:03.450939,INFO,auth,Request OK
2026-02-02T16:21:03.652917,INFO,search,User login
2026-02-02T16:21:03.854210,INFO,orders,Request OK
2026-02-02T16:21:04.055835,INFO,search,User login
2026-02-02T16:21:04.284079,INFO,auth,User login
2026-02-02T16:21:04.560915,INFO,search,Cache hit
2026-02-02T16:21:04.829899,INFO,auth,User login
2026-02-02T16:21:05.031563,INFO,payment,Request OK
2026-02-02T16:21:05.232678,INFO,auth,User login
2026-02-02T16:21:05.434005,INFO,auth,Request OK
2026-02-02T16:21:05.635189,INFO,search,User login
2026-02-02T16:21:05.836284,INFO,search,Cache hit
2026-02-02T16:21:06.037544,INFO,payment,Request OK
2026-02-02T16:21:06.239182,INFO,search,User login
2026-02-02T16:21:06.440868,INFO,auth,User login
2026-02-02T16:21:06.643126,INFO,orders,Cache hit
2026-02-02T16:21:06.844243,INFO,auth,Request OK
2026-02-02T16:21:07.045363,INFO,auth,User login
2026-02-02T16:21:07.246654,INFO,payment,Cache hit
2026-02-02T16:21:07.447732,WARN,auth,Cache hit
2026-02-02T16:21:07.649668,INFO,auth,User login
2026-02-02T16:21:07.851911,WARN,orders,Request OK
2026-02-02T16:21:08.053159,INFO,payment,User login
2026-02-02T16:21:08.254409,INFO,orders,Request OK
2026-02-02T16:21:08.455697,INFO,auth,Cache hit
2026-02-02T16:21:08.656996,INFO,payment,User login
2026-02-02T16:21:08.858884,INFO,auth,Request OK
2026-02-02T16:21:09.060685,INFO,search,Cache hit
2026-02-02T16:21:09.261876,INFO,search,Request OK
2026-02-02T16:21:09.463019,INFO,auth,User login
2026-02-02T16:21:09.665631,INFO,payment,Request OK
2026-02-02T16:21:09.867106,INFO,search,Request OK
2026-02-02T16:21:10.068247,INFO,payment,User login
2026-02-02T16:21:10.271131,INFO,payment,Cache hit
2026-02-02T16:21:10.472963,INFO,payment,Request OK
2026-02-02T16:21:10.674960,INFO,search,Request OK
2026-02-02T16:21:10.877924,INFO,auth,User login
2026-02-02T16:21:11.080101,INFO,search,User login
2026-02-02T16:21:11.281595,ERROR,orders,Timeout
2026-02-02T16:21:11.486037,INFO,orders,User login
2026-02-02T16:21:11.692738,INFO,payment,Request OK
2026-02-02T16:21:11.895121,INFO,search,User login
2026-02-02T16:21:12.096266,ERROR,orders,Timeout
2026-02-02T16:21:12.298375,INFO,orders,Request OK
2026-02-02T16:21:12.500193,ERROR,search,Null pointer
2026-02-02T16:21:12.703233,INFO,payment,Request OK
2026-02-02T16:21:12.906451,INFO,orders,User login
2026-02-02T16:21:13.108261,WARN,payment,User login
2026-02-02T16:21:13.309764,INFO,payment,User login
2026-02-02T16:21:13.511834,INFO,search,Cache hit
2026-02-02T16:21:13.713844,INFO,auth,Cache hit
2026-02-02T16:21:13.914875,INFO,payment,Request OK
2026-02-02T16:21:14.118075,ERROR,orders,DB failure
2026-02-02T16:21:14.323365,INFO,payment,User login
2026-02-02T16:21:14.525870,INFO,search,User login
2026-02-02T16:21:14.727456,INFO,search,User login
2026-02-02T16:21:14.928793,INFO,orders,Request OK
2026-02-02T16:21:15.129966,INFO,payment,Request OK
2026-02-02T16:21:15.331872,INFO,payment,Request OK
2026-02-02T16:21:15.534901,INFO,auth,Request OK
2026-02-02T16:21:15.738417,INFO,auth,Request OK
2026-02-02T16:21:15.940928,INFO,search,Request OK
2026-02-02T16:21:16.142055,INFO,search,Request OK
2026-02-02T16:21:16.343136,INFO,auth,User login
2026-02-02T16:21:16.545204,INFO,payment,Request OK
2026-02-02T16:21:16.748009,INFO,search,Request OK
2026-02-02T16:21:16.950177,INFO,auth,User login
2026-02-02T16:21:17.152346,INFO,search,Request OK
2026-02-02T16:21:17.355405,INFO,orders,User login
2026-02-02T16:21:17.557613,INFO,orders,User login
2026-02-02T16:21:17.759551,INFO,payment,User login
2026-02-02T16:21:17.961861,INFO,search,Cache hit
2026-02-02T16:21:18.162995,INFO,search,Request OK
2026-02-02T16:21:18.364245,WARN,search,User login
2026-02-02T16:21:18.565371,INFO,orders,Cache hit
2026-02-02T16:21:18.766478,INFO,orders,Cache hit
2026-02-02T16:21:18.969866,INFO,auth,Request OK
2026-02-02T16:21:19.173380,INFO,search,Request OK
2026-02-02T16:21:19.374686,INFO,payment,Cache hit
2026-02-02T16:21:19.576912,INFO,orders,Cache hit
2026-02-02T16:21:19.780294,INFO,orders,Request OK
2026-02-02T16:21:19.983006,INFO,auth,Cache hit
2026-02-02T16:21:20.189199,INFO,auth,User login
2026-02-02T16:21:20.390863,INFO,search,Cache hit
2026-02-02T16:21:20.592468,WARN,orders,Cache hit
2026-02-02T16:21:20.794166,INFO,search,User login
2026-02-02T16:21:20.996125,INFO,search,Cache hit
2026-02-02T16:21:21.198742,INFO,search,Cache hit
2026-02-02T16:21:21.401791,INFO,auth,Cache hit
2026-02-02T16:21:21.604112,INFO,search,User login
2026-02-02T16:21:21.806038,INFO,auth,Request OK
2026-02-02T16:21:22.013375,INFO,orders,Request OK
2026-02-02T16:21:22.214614,INFO,orders,Request OK
2026-02-02T16:21:22.416240,INFO,payment,Cache hit
2026-02-02T16:21:22.619673,INFO,auth,Request OK
2026-02-02T16:21:22.821839,INFO,auth,User login
2026-02-02T16:21:23.023824,INFO,payment,Cache hit
2026-02-02T16:21:23.226122,INFO,search,User login
2026-02-02T16:21:23.427393,INFO,search,Cache hit
2026-02-02T16:21:23.628548,INFO,orders,Request OK
2026-02-02T16:21:23.830764,INFO,search,User login
2026-02-02T16:21:24.032034,WARN,payment,User login
2026-02-02T16:21:24.233394,WARN,auth,User login
2026-02-02T16:21:24.436692,INFO,orders,Request OK
2026-02-02T16:21:24.637920,ERROR,search,DB failure
2026-02-02T16:21:24.839809,INFO,search,Request OK
2026-02-02T16:21:25.041198,INFO,orders,User login
2026-02-02T16:21:25.244565,INFO,search,Request OK
2026-02-02T16:21:25.447521,INFO,search,Cache hit
2026-02-02T16:21:25.648919,WARN,auth,Request OK
2026-02-02T16:21:25.850274,INFO,search,Request OK
2026-02-02T16:21:26.055168,INFO,orders,User login
2026-02-02T16:21:26.258004,INFO,payment,User login
2026-02-02T16:21:26.459885,INFO,search,Cache hit
2026-02-02T16:21:26.661452,INFO,orders,User login
2026-02-02T16:21:26.863749,INFO,auth,User login
2026-02-02T16:21:27.064923,INFO,orders,Request OK
2026-02-02T16:21:27.266563,INFO,orders,Request OK
2026-02-02T16:21:27.468227,INFO,payment,Cache hit
2026-02-02T16:21:27.669488,INFO,auth,User login
2026-02-02T16:21:27.870751,INFO,search,Cache hit
2026-02-02T16:21:28.071983,INFO,payment,Cache hit
2026-02-02T16:21:28.273222,WARN,search,User login
2026-02-02T16:21:28.475321,INFO,payment,Cache hit
2026-02-02T16:21:28.676616,INFO,search,User login
2026-02-02T16:21:28.878528,INFO,payment,Cache hit
2026-02-02T16:21:29.080636,ERROR,orders,Timeout
2026-02-02T16:21:29.281901,INFO,payment,Cache hit
2026-02-02T16:21:29.483057,WARN,payment,Cache hit
2026-02-02T16:21:29.684906,INFO,orders,Cache hit
2026-02-02T16:21:29.886139,INFO,payment,User login
2026-02-02T16:21:30.088050,INFO,orders,Cache hit
2026-02-02T16:21:30.290429,INFO,auth,User login
2026-02-02T16:21:30.491705,INFO,auth,User login
2026-02-02T16:21:30.694217,WARN,search,Request OK
2026-02-02T16:21:30.897123,INFO,auth,User login
2026-02-02T16:21:31.099441,INFO,auth,Request OK
2026-02-02T16:21:31.301066,INFO,orders,Request OK
2026-02-02T16:21:31.503268,WARN,orders,Cache hit
2026-02-02T16:21:31.704505,WARN,auth,Request OK
2026-02-02T16:21:31.905707,INFO,auth,Cache hit
2026-02-02T16:21:32.108684,INFO,auth,Request OK
2026-02-02T16:21:32.310742,INFO,auth,Cache hit
2026-02-02T16:21:32.512560,INFO,search,Request OK
2026-02-02T16:21:32.715563,INFO,auth,User login
2026-02-02T16:21:32.917790,INFO,auth,Cache hit
2026-02-02T16:21:33.122168,INFO,payment,Request OK
2026-02-02T16:21:33.325555,INFO,orders,Cache hit
2026-02-02T16:21:33.526820,ERROR,orders,Timeout
2026-02-02T16:21:33.728095,INFO,auth,Cache hit
2026-02-02T16:21:33.929505,INFO,payment,User login
2026-02-02T16:21:34.131164,INFO,search,User login
2026-02-02T16:21:34.333544,INFO,search,Cache hit
2026-02-02T16:21:34.535689,ERROR,payment,DB failure
2026-02-02T16:21:34.737588,INFO,search,Request OK
2026-02-02T16:21:34.939091,INFO,orders,Cache hit
2026-02-02T16:21:35.141511,INFO,search,Request OK
2026-02-02T16:21:35.342640,INFO,orders,User login
2026-02-02T16:21:35.543801,INFO,payment,Cache hit
2026-02-02T16:21:35.746056,INFO,orders,Request OK
2026-02-02T16:21:35.947343,INFO,orders,User login
2026-02-02T16:21:36.149388,INFO,payment,Request OK
2026-02-02T16:21:36.350667,INFO,search,User login
2026-02-02T16:21:36.551844,INFO,auth,User login
2026-02-02T16:21:36.754768,INFO,search,Cache hit
2026-02-02T16:21:36.957355,INFO,payment,Cache hit
2026-02-02T16:21:37.158609,INFO,auth,User login
2026-02-02T16:21:37.360903,INFO,auth,User login
2026-02-02T16:21:37.562865,INFO,payment,Cache hit
2026-02-02T16:21:37.763994,ERROR,search,DB failure
2026-02-02T16:21:37.965521,INFO,auth,User login
2026-02-02T16:21:38.166778,INFO,auth,User login
2026-02-02T16:21:38.367949,INFO,auth,Cache hit
2026-02-02T16:21:38.569350,INFO,orders,Request OK
2026-02-02T16:21:38.770611,INFO,payment,User login
2026-02-02T16:21:38.971895,INFO,search,Cache hit
2026-02-02T16:21:39.174291,INFO,orders,User login
2026-02-02T16:21:39.375610,INFO,payment,Request OK
2026-02-02T16:21:39.576923,ERROR,orders,DB failure
2026-02-02T16:21:39.778186,INFO,payment,Cache hit
2026-02-02T16:21:39.980206,ERROR,auth,DB failure
2026-02-02T16:21:40.182599,INFO,search,Request OK
2026-02-02T16:21:40.385119,INFO,orders,User login
2026-02-02T16:21:40.586480,INFO,auth,Request OK
2026-02-02T16:21:40.787664,INFO,orders,Cache hit
2026-02-02T16:21:40.989533,WARN,search,Cache hit
2026-02-02T16:21:41.190713,INFO,auth,Request OK
2026-02-02T16:21:41.392375,INFO,search,User login
2026-02-02T16:21:41.594326,WARN,search,User login
2026-02-02T16:21:41.795844,INFO,orders,User login
2026-02-02T16:21:41.996981,INFO,search,Request OK
2026-02-02T16:21:42.198215,INFO,payment,Cache hit
2026-02-02T16:21:42.400808,INFO,orders,Cache hit
2026-02-02T16:21:42.604550,ERROR,auth,Timeout
2026-02-02T16:21:42.812699,ERROR,orders,DB failure
2026-02-02T16:21:43.015065,INFO,payment,User login
2026-02-02T16:21:43.216950,INFO,auth,Request OK
2026-02-02T16:21:43.419175,INFO,search,Request OK
2026-02-02T16:21:43.620477,INFO,auth,User login
2026-02-02T16:21:43.821748,INFO,auth,User login
2026-02-02T16:21:44.027026,INFO,payment,Request OK
2026-02-02T16:21:44.228211,INFO,auth,Cache hit
2026-02-02T16:21:44.429422,ERROR,search,DB failure
2026-02-02T16:21:44.631739,INFO,auth,Request OK
2026-02-02T16:21:44.832928,INFO,auth,Request OK
2026-02-02T16:21:45.035302,INFO,search,User login
2026-02-02T16:21:45.236760,INFO,search,Cache hit
2026-02-02T16:21:45.437982,WARN,orders,User login
2026-02-02T16:21:45.640006,INFO,payment,User login
2026-02-02T16:21:45.842279,INFO,orders,Request OK
2026-02-02T16:21:46.043831,ERROR,payment,Null pointer
2026-02-02T16:21:46.245168,INFO,payment,Cache hit
2026-02-02T16:21:46.447474,INFO,payment,Cache hit
2026-02-02T16:21:46.648924,INFO,orders,Cache hit
2026-02-02T16:21:46.853318,INFO,orders,Request OK
2026-02-02T16:21:47.054569,INFO,auth,Request OK
2026-02-02T16:21:47.255816,INFO,payment,User login
2026-02-02T16:21:47.456763,INFO,orders,User login
2026-02-02T16:21:47.658028,INFO,orders,User login
2026-02-02T16:21:47.859270,INFO,search,User login
2026-02-02T16:21:48.061094,INFO,search,Request OK
2026-02-02T16:21:48.262428,INFO,search,Cache hit
2026-02-02T16:21:48.464431,INFO,search,Cache hit
2026-02-02T16:21:48.665878,INFO,payment,Cache hit
2026-02-02T16:21:48.867192,INFO,orders,Cache hit
2026-02-02T16:21:49.069063,INFO,search,User login
2026-02-02T16:21:49.270814,INFO,search,Cache hit
2026-02-02T16:21:49.471978,WARN,payment,Request OK
2026-02-02T16:21:49.673214,WARN,payment,Cache hit
2026-02-02T16:21:49.875868,INFO,orders,Request OK
2026-02-02T16:21:50.079152,INFO,search,User login
2026-02-02T16:21:50.284833,WARN,payment,Request OK
2026-02-02T16:21:50.487279,INFO,orders,Cache hit
2026-02-02T16:21:50.688541,INFO,payment,Cache hit
2026-02-02T16:21:50.889712,INFO,orders,Cache hit
2026-02-02T16:21:51.090971,WARN,search,Request OK
2026-02-02T16:21:51.292239,INFO,auth,Cache hit
2026-02-02T16:21:51.493427,INFO,orders,Request OK
2026-02-02T16:21:51.695319,INFO,auth,Request OK
2026-02-02T16:21:51.897610,WARN,orders,Cache hit
2026-02-02T16:21:52.100557,WARN,orders,Cache hit
2026-02-02T16:21:52.303072,INFO,search,Cache hit
2026-02-02T16:21:52.504306,INFO,orders,User login
2026-02-02T16:21:52.705518,INFO,search,User login
2026-02-02T16:21:52.907881,INFO,search,Cache hit
2026-02-02T16:21:53.109165,WARN,auth,Request OK
2026-02-02T16:21:53.310576,INFO,search,Request OK
2026-02-02T16:21:53.513083,INFO,search,Request OK
2026-02-02T16:21:53.714362,INFO,payment,Request OK
2026-02-02T16:21:53.915877,INFO,search,Cache hit
2026-02-02T16:21:54.117379,INFO,payment,User login
2026-02-02T16:21:54.318498,INFO,orders,User login
2026-02-02T16:21:54.519737,INFO,orders,Cache hit
2026-02-02T16:21:54.721991,INFO,search,Request OK
2026-02-02T16:21:54.923279,WARN,search,User login
2026-02-02T16:21:55.124591,INFO,payment,Request OK
2026-02-02T16:21:55.325861,ERROR,payment,Timeout
2026-02-02T16:21:55.527170,WARN,search,Cache hit
2026-02-02T16:21:55.730190,INFO,search,Cache hit
2026-02-02T16:21:56.024118,INFO,payment,User login
2026-02-02T16:21:56.256551,INFO,search,Cache hit
2026-02-02T16:21:56.458894,INFO,orders,Cache hit
2026-02-02T16:21:56.660668,INFO,search,User login
2026-02-02T16:21:56.863030,INFO,payment,Request OK
2026-02-02T16:21:57.065489,INFO,auth,User login
2026-02-02T16:21:57.266699,INFO,payment,User login
2026-02-02T16:21:57.468388,INFO,auth,User login
2026-02-02T16:21:57.670800,INFO,orders,User login
2026-02-02T16:21:57.872056,WARN,payment,User login
2026-02-02T16:21:58.073402,INFO,payment,User login
2026-02-02T16:21:58.276922,INFO,orders,Request OK
2026-02-02T16:21:58.479539,INFO,search,User login
2026-02-02T16:21:58.680928,INFO,orders,User login
2026-02-02T16:21:58.883514,ERROR,orders,Null pointer
2026-02-02T16:21:59.084660,INFO,orders,User login
2026-02-02T16:21:59.286237,INFO,auth,Request OK
2026-02-02T16:21:59.488519,INFO,auth,Cache hit
2026-02-02T16:21:59.689778,WARN,payment,Cache hit
2026-02-02T16:21:59.892336,INFO,search,Cache hit
2026-02-02T16:22:00.095432,ERROR,orders,DB failure
2026-02-02T16:22:00.296541,INFO,payment,Cache hit
2026-02-02T16:22:00.497992,INFO,payment,Request OK
2026-02-02T16:22:00.699226,INFO,auth,User login
2026-02-02T16:22:00.900894,INFO,orders,Cache hit
2026-02-02T16:22:01.103595,WARN,auth,Request OK
2026-02-02T16:22:01.305538,INFO,search,Cache hit
2026-02-02T16:22:01.506660,WARN,auth,User login
2026-02-02T16:22:01.708338,INFO,payment,User login
2026-02-02T16:22:01.910485,INFO,orders,Cache hit
2026-02-02T16:22:02.111653,INFO,orders,Request OK
2026-02-02T16:22:02.312702,INFO,payment,User login
2026-02-02T16:22:02.514394,INFO,orders,Cache hit
2026-02-02T16:22:02.715581,WARN,auth,User login
2026-02-02T16:22:02.917918,INFO,auth,Request OK
2026-02-02T16:22:03.119898,WARN,orders,User login
2026-02-02T16:22:03.321488,INFO,auth,User login
2026-02-02T16:22:03.524453,INFO,search,Request OK
2026-02-02T16:22:03.726098,INFO,payment,Request OK
2026-02-02T16:22:03.927404,INFO,auth,Cache hit
2026-02-02T16:22:04.128701,WARN,orders,User login
2026-02-02T16:22:04.329993,INFO,auth,User login
2026-02-02T16:22:04.531120,INFO,payment,Cache hit
2026-02-02T16:22:04.732978,INFO,search,User login
2026-02-02T16:22:04.934641,ERROR,search,DB failure
2026-02-02T16:22:05.135901,INFO,search,Cache hit
2026-02-02T16:22:05.337778,INFO,search,User login
2026-02-02T16:22:05.539432,INFO,payment,Cache hit
2026-02-02T16:22:05.740559,INFO,search,User login
2026-02-02T16:22:05.942208,ERROR,auth,Null pointer
2026-02-02T16:22:06.143597,INFO,search,Request OK
2026-02-02T16:22:06.345683,INFO,orders,User login
2026-02-02T16:22:06.547415,INFO,payment,Request OK
2026-02-02T16:22:06.748965,INFO,auth,User login
2026-02-02T16:22:06.950170,INFO,orders,User login
2026-02-02T16:22:07.152018,WARN,search,User login
2026-02-02T16:22:07.354008,INFO,payment,User login
2026-02-02T16:22:07.555467,INFO,auth,User login
2026-02-02T16:22:07.757745,INFO,payment,User login
2026-02-02T16:22:07.959887,INFO,auth,Cache hit
2026-02-02T16:22:08.161965,INFO,search,User login
2026-02-02T16:22:08.363978,INFO,orders,User login
2026-02-02T16:22:08.565236,INFO,orders,Request OK
2026-02-02T16:22:08.767098,INFO,payment,Request OK
2026-02-02T16:22:08.969348,INFO,search,User login
2026-02-02T16:22:09.170556,INFO,auth,User login
2026-02-02T16:22:09.371763,INFO,orders,Request OK
2026-02-02T16:22:09.572873,ERROR,orders,Timeout
2026-02-02T16:22:09.775243,INFO,orders,Cache hit
2026-02-02T16:22:09.978566,INFO,auth,User login
2026-02-02T16:22:10.180505,INFO,auth,Request OK
2026-02-02T16:22:10.381593,INFO,search,Request OK
2026-02-02T16:22:10.595887,INFO,payment,Cache hit
2026-02-02T16:22:10.813915,INFO,orders,User login
2026-02-02T16:22:11.016045,INFO,orders,Cache hit
2026-02-02T16:22:11.217926,INFO,payment,User login
2026-02-02T16:22:11.421848,INFO,auth,User login
2026-02-02T16:22:11.624928,INFO,search,User login
2026-02-02T16:22:11.827203,INFO,auth,Cache hit
2026-02-02T16:22:12.030288,INFO,payment,Request OK
2026-02-02T16:22:12.232577,INFO,auth,Cache hit
2026-02-02T16:22:12.433727,INFO,payment,User login
2026-02-02T16:22:12.636123,INFO,auth,Request OK
2026-02-02T16:22:12.838374,INFO,auth,Request OK
2026-02-02T16:22:13.040458,INFO,auth,Request OK
2026-02-02T16:22:13.243253,INFO,orders,Request OK
2026-02-02T16:22:13.444485,INFO,auth,User login
2026-02-02T16:22:13.645948,INFO,search,Request OK
2026-02-02T16:22:13.847055,INFO,search,Request OK
2026-02-02T16:22:14.050250,INFO,orders,Request OK
2026-02-02T16:22:14.255277,INFO,orders,User login
2026-02-02T16:22:14.458233,INFO,orders,Request OK
2026-02-02T16:22:14.659651,INFO,auth,Cache hit
2026-02-02T16:22:14.860956,INFO,payment,Request OK
2026-02-02T16:22:15.062373,INFO,search,Cache hit
2026-02-02T16:22:15.268337,WARN,payment,User login
2026-02-02T16:22:15.470266,INFO,payment,Request OK
2026-02-02T16:22:15.673540,INFO,orders,User login
2026-02-02T16:22:15.875782,INFO,search,Request OK
2026-02-02T16:22:16.077524,INFO,auth,Request OK
2026-02-02T16:22:16.278837,ERROR,auth,DB failure
2026-02-02T16:22:16.480197,INFO,auth,User login
2026-02-02T16:22:16.682393,WARN,orders,Cache hit
2026-02-02T16:22:16.883765,INFO,payment,User login
2026-02-02T16:22:17.085060,INFO,orders,User login
2026-02-02T16:22:17.286095,INFO,auth,User login
2026-02-02T16:22:17.487918,INFO,search,Cache hit
2026-02-02T16:22:17.689137,INFO,payment,Cache hit
2026-02-02T16:22:17.890263,INFO,auth,User login
2026-02-02T16:22:18.091357,INFO,search,Request OK
2026-02-02T16:22:18.293209,INFO,payment,User login
2026-02-02T16:22:18.494299,INFO,search,Request OK
2026-02-02T16:22:18.696549,INFO,search,Cache hit
2026-02-02T16:22:18.897836,INFO,search,Request OK
2026-02-02T16:22:19.100172,INFO,search,User login
2026-02-02T16:22:19.302001,INFO,orders,Cache hit
2026-02-02T16:22:19.503390,ERROR,orders,Timeout
2026-02-02T16:22:19.705746,ERROR,orders,Timeout
2026-02-02T16:22:19.907260,INFO,auth,Cache hit
2026-02-02T16:22:20.108472,WARN,orders,Cache hit
2026-02-02T16:22:20.309782,WARN,search,Cache hit
2026-02-02T16:22:20.510941,INFO,payment,Cache hit
2026-02-02T16:22:20.712822,INFO,orders,Cache hit
2026-02-02T16:22:20.914965,INFO,search,User login
2026-02-02T16:22:21.119179,INFO,orders,Cache hit
2026-02-02T16:22:21.322556,INFO,auth,Cache hit
2026-02-02T16:22:21.525181,INFO,auth,Cache hit
2026-02-02T16:22:21.726616,INFO,orders,Request OK
2026-02-02T16:22:21.927716,WARN,payment,Request OK
2026-02-02T16:22:22.128873,WARN,auth,Cache hit
2026-02-02T16:22:22.330695,INFO,payment,User login
2026-02-02T16:22:22.533250,INFO,search,User login
2026-02-02T16:22:22.735266,INFO,auth,User login
2026-02-02T16:22:22.937118,ERROR,payment,Null pointer
2026-02-02T16:22:23.139351,INFO,auth,Cache hit
2026-02-02T16:22:23.340519,INFO,search,Cache hit
2026-02-02T16:22:23.543141,INFO,payment,User login
2026-02-02T16:22:23.750108,INFO,search,Cache hit
2026-02-02T16:22:23.952276,INFO,auth,User login
2026-02-02T16:22:24.154372,WARN,payment,Request OK
2026-02-02T16:22:24.355760,INFO,payment,User login
2026-02-02T16:22:24.556926,INFO,payment,Cache hit
2026-02-02T16:22:24.758245,INFO,auth,User login
2026-02-02T16:22:24.961238,INFO,search,User login
2026-02-02T16:22:25.164370,ERROR,payment,DB failure
2026-02-02T16:22:25.366554,INFO,orders,Request OK
2026-02-02T16:22:25.567820,INFO,auth,Cache hit
2026-02-02T16:22:25.769042,INFO,payment,Request OK
2026-02-02T16:22:25.970894,INFO,orders,Request OK
2026-02-02T16:22:26.173188,ERROR,search,DB failure
2026-02-02T16:22:26.375501,INFO,auth,Request OK
2026-02-02T16:22:26.577094,INFO,payment,Request OK
2026-02-02T16:22:26.779053,INFO,auth,User login
2026-02-02T16:22:26.980504,WARN,search,User login
2026-02-02T16:22:27.181612,INFO,search,Cache hit
2026-02-02T16:22:27.384827,INFO,search,User login
2026-02-02T16:22:27.587504,INFO,search,User login
2026-02-02T16:22:27.789374,INFO,auth,Cache hit
2026-02-02T16:22:27.990898,WARN,orders,Cache hit
2026-02-02T16:22:28.192201,INFO,search,User login
2026-02-02T16:22:28.398265,INFO,auth,Cache hit
2026-02-02T16:22:28.600550,INFO,search,User login
2026-02-02T16:22:28.802052,INFO,auth,Cache hit
2026-02-02T16:22:29.003944,ERROR,payment,Null pointer
2026-02-02T16:22:29.205303,INFO,search,User login
2026-02-02T16:22:29.407732,INFO,search,Request OK
2026-02-02T16:22:29.609446,INFO,payment,Cache hit
2026-02-02T16:22:29.810602,WARN,auth,User login
2026-02-02T16:22:30.012447,WARN,search,Cache hit
2026-02-02T16:22:30.213721,INFO,payment,Request OK
2026-02-02T16:22:30.430047,INFO,payment,Request OK
2026-02-02T16:22:30.633808,INFO,auth,Cache hit
2026-02-02T16:22:30.836091,INFO,orders,Request OK
2026-02-02T16:22:31.037333,INFO,orders,Request OK
2026-02-02T16:22:31.238439,INFO,payment,User login
2026-02-02T16:22:31.439625,WARN,search,User login
2026-02-02T16:22:31.640734,INFO,orders,User login
2026-02-02T16:22:31.842895,INFO,payment,Request OK
2026-02-02T16:22:32.044071,INFO,payment,Request OK
2026-02-02T16:22:32.245831,INFO,orders,Request OK
2026-02-02T16:22:32.447408,INFO,auth,User login
2026-02-02T16:22:32.648549,INFO,auth,User login
2026-02-02T16:22:32.850307,INFO,auth,User login
2026-02-02T16:22:33.051625,INFO,orders,User login
2026-02-02T16:22:33.252718,INFO,search,Request OK
2026-02-02T16:22:33.454062,INFO,orders,Request OK
2026-02-02T16:22:33.655344,ERROR,payment,Timeout
2026-02-02T16:22:33.857096,INFO,orders,Request OK
2026-02-02T16:22:34.058366,INFO,search,Cache hit
2026-02-02T16:22:34.259449,INFO,search,Cache hit
2026-02-02T16:22:34.460993,INFO,orders,Request OK
2026-02-02T16:22:34.662238,WARN,search,Cache hit
2026-02-02T16:22:34.863724,INFO,payment,Cache hit
2026-02-02T16:22:35.067380,INFO,payment,User login
2026-02-02T16:22:35.269455,INFO,payment,Request OK
2026-02-02T16:22:35.470863,WARN,search,Cache hit
2026-02-02T16:22:35.672134,INFO,orders,Request OK
2026-02-02T16:22:35.873403,WARN,payment,User login
2026-02-02T16:22:36.074429,INFO,search,Request OK
2026-02-02T16:22:36.276663,WARN,search,Request OK
2026-02-02T16:22:36.477794,ERROR,payment,DB failure
2026-02-02T16:22:36.679505,WARN,payment,Cache hit
2026-02-02T16:22:36.881562,INFO,auth,Cache hit
2026-02-02T16:22:37.083833,INFO,search,User login
2026-02-02T16:22:37.287811,ERROR,auth,DB failure
2026-02-02T16:22:37.489056,INFO,payment,Request OK
2026-02-02T16:22:37.690467,INFO,auth,Request OK
2026-02-02T16:22:37.892346,INFO,auth,Cache hit
2026-02-02T16:22:38.094245,INFO,orders,Request OK
2026-02-02T16:22:38.300204,INFO,orders,Request OK
2026-02-02T16:22:38.505252,INFO,orders,Cache hit
2026-02-02T16:22:38.707414,INFO,payment,Cache hit
2026-02-02T16:22:38.911306,INFO,payment,Cache hit
2026-02-02T16:22:39.112581,INFO,search,Request OK
2026-02-02T16:22:39.313741,INFO,payment,User login
2026-02-02T16:22:39.515106,INFO,auth,Cache hit
2026-02-02T16:22:39.716905,INFO,orders,User login
2026-02-02T16:22:39.919649,INFO,auth,Request OK
2026-02-02T16:22:40.122080,ERROR,auth,Null pointer
2026-02-02T16:22:40.328205,INFO,payment,User login
2026-02-02T16:22:40.531318,INFO,auth,User login
2026-02-02T16:22:40.734031,INFO,orders,Request OK
2026-02-02T16:22:40.936369,INFO,payment,Request OK
2026-02-02T16:22:41.137600,INFO,auth,Request OK
2026-02-02T16:22:41.338943,INFO,orders,User login
2026-02-02T16:22:41.540045,INFO,orders,Cache hit
2026-02-02T16:22:41.741877,INFO,payment,Request OK
2026-02-02T16:22:41.945542,INFO,search,Request OK
2026-02-02T16:22:42.147019,INFO,auth,User login
2026-02-02T16:22:42.349007,INFO,payment,Cache hit
2026-02-02T16:22:42.550943,INFO,search,Cache hit
2026-02-02T16:22:42.752242,WARN,search,Cache hit
2026-02-02T16:22:42.954397,INFO,orders,Request OK
2026-02-02T16:22:43.156230,ERROR,orders,Timeout
2026-02-02T16:22:43.357352,INFO,payment,Request OK
2026-02-02T16:22:43.558780,INFO,payment,Request OK
2026-02-02T16:22:43.760617,ERROR,auth,Null pointer
2026-02-02T16:22:43.961940,WARN,payment,Cache hit
2026-02-02T16:22:44.163825,INFO,search,Request OK
2026-02-02T16:22:44.365096,INFO,payment,Request OK
2026-02-02T16:22:44.569164,INFO,payment,User login
2026-02-02T16:22:44.772113,INFO,payment,Cache hit
2026-02-02T16:22:44.973447,INFO,orders,Cache hit
2026-02-02T16:22:45.176281,INFO,payment,Request OK
2026-02-02T16:22:45.377582,INFO,payment,Request OK
2026-02-02T16:22:45.579057,INFO,search,Cache hit
2026-02-02T16:22:45.780158,ERROR,orders,Timeout
2026-02-02T16:22:45.981367,INFO,search,User login
2026-02-02T16:22:46.182647,INFO,auth,User login
2026-02-02T16:22:46.396037,INFO,search,Cache hit
2026-02-02T16:22:46.600085,INFO,auth,Request OK
2026-02-02T16:22:46.801377,INFO,payment,User login
2026-02-02T16:22:47.002641,INFO,search,Request OK
2026-02-02T16:22:47.204134,INFO,search,Cache hit
2026-02-02T16:22:47.406697,INFO,orders,Request OK
2026-02-02T16:22:47.611063,INFO,search,Request OK
2026-02-02T16:22:47.813655,INFO,payment,Cache hit
2026-02-02T16:22:48.015830,INFO,auth,Cache hit
2026-02-02T16:22:48.216930,INFO,search,Request OK
2026-02-02T16:22:48.418114,INFO,auth,Request OK
2026-02-02T16:22:48.620964,INFO,auth,Cache hit
2026-02-02T16:22:48.824821,INFO,search,Request OK
2026-02-02T16:22:49.026638,INFO,orders,Request OK
2026-02-02T16:22:49.227932,INFO,search,Cache hit
2026-02-02T16:22:49.429031,WARN,search,Request OK
2026-02-02T16:22:49.631480,INFO,search,Cache hit
2026-02-02T16:22:49.833697,INFO,auth,User login
2026-02-02T16:22:50.035580,INFO,auth,User login
2026-02-02T16:22:50.237348,INFO,orders,User login
2026-02-02T16:22:50.438660,INFO,auth,Request OK
2026-02-02T16:22:50.640925,INFO,search,Request OK
2026-02-02T16:22:50.842173,INFO,search,Request OK
2026-02-02T16:22:51.044211,INFO,search,User login
2026-02-02T16:22:51.246527,INFO,payment,Request OK
2026-02-02T16:22:51.448453,INFO,auth,Cache hit
2026-02-02T16:22:51.649596,WARN,payment,Request OK
2026-02-02T16:22:51.850698,INFO,payment,User login
2026-02-02T16:22:52.052427,ERROR,payment,Null pointer
2026-02-02T16:22:52.253813,ERROR,auth,Timeout
2026-02-02T16:22:52.455125,INFO,auth,Cache hit
2026-02-02T16:22:52.656297,INFO,auth,User login
2026-02-02T16:22:52.858703,INFO,payment,Request OK
2026-02-02T16:22:53.059910,INFO,orders,User login
2026-02-02T16:22:53.261702,INFO,auth,Request OK
2026-02-02T16:22:53.464108,INFO,payment,Cache hit
2026-02-02T16:22:53.665760,INFO,payment,User login
2026-02-02T16:22:53.867868,INFO,orders,Cache hit
2026-02-02T16:22:54.069145,INFO,search,Cache hit
2026-02-02T16:22:54.270305,INFO,search,Request OK
2026-02-02T16:22:54.472399,INFO,auth,Request OK
2026-02-02T16:22:54.673705,INFO,orders,Request OK
2026-02-02T16:22:54.874893,INFO,auth,User login
2026-02-02T16:22:55.076484,INFO,payment,User login
2026-02-02T16:22:55.278186,INFO,auth,Request OK
2026-02-02T16:22:55.480090,INFO,payment,Cache hit
2026-02-02T16:22:55.681393,INFO,search,Request OK
2026-02-02T16:22:55.882672,INFO,payment,User login
2026-02-02T16:22:56.083790,INFO,auth,User login
2026-02-02T16:22:56.285321,INFO,payment,Cache hit
2026-02-02T16:22:56.487320,INFO,orders,Request OK
2026-02-02T16:22:56.688500,INFO,search,Request OK
2026-02-02T16:22:56.890162,INFO,payment,Cache hit
2026-02-02T16:22:57.092498,INFO,payment,Cache hit
2026-02-02T16:22:57.293633,INFO,payment,Cache hit
2026-02-02T16:22:57.495039,ERROR,auth,Null pointer
2026-02-02T16:22:57.697689,INFO,search,User login
2026-02-02T16:22:57.898811,INFO,auth,User login
2026-02-02T16:22:58.100092,INFO,auth,Request OK
2026-02-02T16:22:58.301343,ERROR,orders,Timeout
2026-02-02T16:22:58.502496,ERROR,auth,DB failure
2026-02-02T16:22:58.703633,INFO,payment,User login
2026-02-02T16:22:58.905342,ERROR,auth,Timeout
2026-02-02T16:22:59.106537,WARN,orders,User login
2026-02-02T16:22:59.308425,INFO,search,User login
2026-02-02T16:22:59.509605,ERROR,search,DB failure
2026-02-02T16:22:59.711278,INFO,search,Request OK
2026-02-02T16:22:59.913247,INFO,orders,Cache hit
2026-02-02T16:23:00.114346,INFO,auth,Request OK
2026-02-02T16:23:00.315566,INFO,search,Cache hit
2026-02-02T16:23:00.517463,INFO,payment,Cache hit
2026-02-02T16:23:00.724402,INFO,search,User login
2026-02-02T16:23:00.926783,INFO,search,Cache hit
2026-02-02T16:23:01.128076,INFO,payment,Request OK
2026-02-02T16:23:01.329238,INFO,payment,Cache hit
2026-02-02T16:23:01.530339,INFO,payment,Cache hit
2026-02-02T16:23:01.731504,INFO,search,Cache hit
2026-02-02T16:23:01.934079,INFO,search,Request OK
2026-02-02T16:23:02.135881,WARN,payment,User login
2026-02-02T16:23:02.337331,INFO,search,Request OK
2026-02-02T16:23:02.540728,INFO,auth,Request OK
2026-02-02T16:23:02.742641,INFO,payment,Cache hit
2026-02-02T16:23:02.946045,INFO,orders,User login
2026-02-02T16:23:03.148382,INFO,payment,User login
2026-02-02T16:23:03.350153,INFO,auth,Cache hit
2026-02-02T16:23:03.551288,INFO,payment,Cache hit
2026-02-02T16:23:03.752702,WARN,orders,Cache hit
2026-02-02T16:23:03.957698,INFO,auth,User login
2026-02-02T16:23:04.159213,INFO,orders,User login
2026-02-02T16:23:04.360907,INFO,orders,User login
2026-02-02T16:23:04.562114,INFO,search,Cache hit
2026-02-02T16:23:04.764403,ERROR,search,Null pointer
2026-02-02T16:23:04.976611,INFO,orders,Cache hit
2026-02-02T16:23:05.179476,WARN,search,Cache hit
2026-02-02T16:23:05.428166,INFO,payment,User login
2026-02-02T16:23:05.629333,INFO,auth,User login
2026-02-02T16:23:05.831148,ERROR,auth,DB failure
2026-02-02T16:23:06.033368,INFO,auth,User login
2026-02-02T16:23:06.234590,INFO,auth,Cache hit
2026-02-02T16:23:06.436102,INFO,search,Cache hit
2026-02-02T16:23:06.638082,INFO,search,Request OK
2026-02-02T16:23:06.839574,INFO,orders,Cache hit
2026-02-02T16:23:07.040660,INFO,search,Cache hit
2026-02-02T16:23:07.243606,INFO,auth,Request OK
2026-02-02T16:23:07.444859,WARN,orders,Request OK
2026-02-02T16:23:07.646136,INFO,orders,Request OK
2026-02-02T16:23:07.847981,ERROR,payment,Timeout
2026-02-02T16:23:08.049689,INFO,search,Cache hit
2026-02-02T16:23:08.261026,INFO,search,User login
2026-02-02T16:23:08.487167,INFO,search,Cache hit
2026-02-02T16:23:08.764165,INFO,orders,Cache hit
2026-02-02T16:23:08.971466,ERROR,payment,DB failure
2026-02-02T16:23:09.176115,INFO,orders,Request OK
2026-02-02T16:23:09.403653,INFO,payment,Request OK
2026-02-02T16:23:09.616344,INFO,payment,Request OK
2026-02-02T16:23:09.820374,INFO,orders,Request OK
2026-02-02T16:23:10.024958,INFO,orders,User login
2026-02-02T16:23:10.226190,INFO,payment,Request OK
2026-02-02T16:23:10.449250,INFO,auth,User login
2026-02-02T16:23:10.651247,INFO,auth,Cache hit
2026-02-02T16:23:10.853518,WARN,auth,Cache hit
2026-02-02T16:23:11.067684,INFO,orders,Cache hit
2026-02-02T16:23:11.273697,ERROR,auth,Null pointer
2026-02-02T16:23:11.476983,INFO,orders,Cache hit
2026-02-02T16:23:11.681284,INFO,payment,Cache hit
2026-02-02T16:23:11.883559,INFO,orders,User login
2026-02-02T16:23:12.094022,INFO,payment,Request OK
2026-02-02T16:23:12.295866,INFO,search,User login
2026-02-02T16:23:12.498338,INFO,auth,User login
2026-02-02T16:23:12.700396,INFO,auth,Cache hit
2026-02-02T16:23:12.902712,INFO,payment,User login
2026-02-02T16:23:13.104404,ERROR,orders,Timeout
2026-02-02T16:23:13.306442,INFO,orders,Cache hit
2026-02-02T16:23:13.508802,INFO,auth,Request OK
2026-02-02T16:23:13.710152,ERROR,payment,Timeout
2026-02-02T16:23:13.914422,INFO,payment,Request OK
2026-02-02T16:23:14.116128,INFO,orders,Request OK
2026-02-02T16:23:14.317769,WARN,payment,Request OK
2026-02-02T16:23:14.518870,INFO,orders,Request OK
2026-02-02T16:23:14.721259,INFO,payment,Request OK
2026-02-02T16:23:14.922622,INFO,payment,Request OK
2026-02-02T16:23:15.124693,INFO,payment,Cache hit
2026-02-02T16:23:15.326399,INFO,search,Cache hit
2026-02-02T16:23:15.527720,INFO,payment,Cache hit
2026-02-02T16:23:15.729557,INFO,auth,User login
2026-02-02T16:23:15.930761,INFO,search,User login
2026-02-02T16:23:16.132182,INFO,auth,Request OK
2026-02-02T16:23:16.333482,INFO,auth,User login
2026-02-02T16:23:16.535765,INFO,auth,Cache hit
2026-02-02T16:23:16.738329,INFO,auth,User login
2026-02-02T16:23:16.942758,WARN,search,User login
2026-02-02T16:23:17.146356,INFO,search,User login
2026-02-02T16:23:17.347732,WARN,orders,Cache hit
2026-02-02T16:23:17.552932,INFO,auth,User login
2026-02-02T16:23:17.754357,INFO,auth,User login
2026-02-02T16:23:17.957732,INFO,auth,Request OK
2026-02-02T16:23:18.159713,INFO,auth,Cache hit
2026-02-02T16:23:18.361107,INFO,orders,User login
2026-02-02T16:23:18.567728,INFO,auth,Cache hit
2026-02-02T16:23:18.769130,WARN,orders,Request OK
2026-02-02T16:23:18.970967,INFO,search,Cache hit
2026-02-02T16:23:19.171979,WARN,orders,Request OK
2026-02-02T16:23:19.374011,ERROR,orders,Timeout
2026-02-02T16:23:19.576001,INFO,auth,Cache hit
2026-02-02T16:23:19.777803,INFO,auth,User login
2026-02-02T16:23:19.978968,WARN,search,Request OK
2026-02-02T16:23:20.180091,INFO,orders,Cache hit
2026-02-02T16:23:20.381491,INFO,payment,Request OK
2026-02-02T16:23:20.583235,INFO,search,User login
2026-02-02T16:23:20.784552,ERROR,search,Null pointer
2026-02-02T16:23:20.986954,INFO,orders,Request OK
2026-02-02T16:23:21.189734,WARN,auth,User login
2026-02-02T16:23:21.391902,INFO,orders,Cache hit
2026-02-02T16:23:21.593444,INFO,search,Cache hit
2026-02-02T16:23:21.803508,ERROR,payment,Null pointer
2026-02-02T16:23:22.006653,INFO,orders,Cache hit
2026-02-02T16:23:22.208917,WARN,orders,Cache hit
2026-02-02T16:23:22.410186,INFO,payment,Cache hit
2026-02-02T16:23:22.612975,INFO,payment,Cache hit
2026-02-02T16:23:22.814238,INFO,orders,Request OK
2026-02-02T16:23:23.015424,ERROR,payment,Timeout
2026-02-02T16:23:23.219237,ERROR,auth,Null pointer
2026-02-02T16:23:23.447032,INFO,search,Request OK
2026-02-02T16:23:23.650514,INFO,payment,Request OK
2026-02-02T16:23:23.852754,INFO,auth,Request OK
2026-02-02T16:23:24.054071,INFO,search,Request OK
2026-02-02T16:23:24.256047,INFO,search,User login
2026-02-02T16:23:24.457560,INFO,orders,Request OK
2026-02-02T16:23:24.658895,INFO,payment,Request OK
2026-02-02T16:23:24.861534,INFO,orders,Cache hit
2026-02-02T16:23:25.063317,INFO,payment,Request OK
2026-02-02T16:23:25.265632,WARN,auth,User login
2026-02-02T16:23:25.467662,INFO,search,Request OK
2026-02-02T16:23:25.668896,INFO,auth,User login
2026-02-02T16:23:25.870205,INFO,auth,Request OK
2026-02-02T16:23:26.072070,INFO,payment,Request OK
2026-02-02T16:23:26.275781,INFO,search,User login
2026-02-02T16:23:26.477424,INFO,search,User login
2026-02-02T16:23:26.679254,INFO,payment,Cache hit
2026-02-02T16:23:26.880547,INFO,search,Cache hit
2026-02-02T16:23:27.082313,INFO,search,Cache hit
2026-02-02T16:23:27.284793,INFO,orders,Request OK
2026-02-02T16:23:27.486238,INFO,auth,User login
2026-02-02T16:23:27.688561,INFO,auth,Cache hit
2026-02-02T16:23:27.891438,INFO,search,Cache hit
2026-02-02T16:23:28.092702,INFO,search,Cache hit
2026-02-02T16:23:28.293826,INFO,auth,User login
2026-02-02T16:23:28.495284,INFO,orders,User login
2026-02-02T16:23:28.696565,INFO,search,Cache hit
2026-02-02T16:23:28.898691,INFO,payment,User login
2026-02-02T16:23:29.103389,INFO,search,Cache hit
2026-02-02T16:23:29.304418,INFO,orders,Cache hit
2026-02-02T16:23:29.506100,INFO,auth,Cache hit
2026-02-02T16:23:29.735233,INFO,payment,Request OK
2026-02-02T16:23:30.028783,INFO,payment,Request OK
2026-02-02T16:23:30.235692,ERROR,orders,Timeout
2026-02-02T16:23:30.438777,INFO,orders,Cache hit
2026-02-02T16:23:30.643728,INFO,orders,User login
2026-02-02T16:23:30.848966,INFO,payment,Request OK
2026-02-02T16:23:31.051546,INFO,orders,Cache hit
2026-02-02T16:23:31.253910,ERROR,payment,Null pointer
2026-02-02T16:23:31.455012,INFO,auth,User login
2026-02-02T16:23:31.657489,INFO,payment,Cache hit
2026-02-02T16:23:31.858824,INFO,orders,User login
2026-02-02T16:23:32.060991,INFO,payment,User login
2026-02-02T16:23:32.263005,INFO,auth,Request OK
2026-02-02T16:23:32.464762,INFO,auth,User login
2026-02-02T16:23:32.667012,INFO,auth,Request OK
2026-02-02T16:23:32.868423,WARN,payment,Request OK
2026-02-02T16:23:33.069633,INFO,auth,Cache hit
2026-02-02T16:23:33.271222,INFO,auth,User login
2026-02-02T16:23:33.472855,INFO,orders,Request OK
2026-02-02T16:23:33.676218,INFO,search,Cache hit
2026-02-02T16:23:33.878237,INFO,auth,User login
2026-02-02T16:23:34.080000,INFO,orders,Request OK
2026-02-02T16:23:34.281279,INFO,search,Cache hit
2026-02-02T16:23:34.482594,INFO,auth,Request OK
2026-02-02T16:23:34.683820,INFO,auth,Cache hit
2026-02-02T16:23:34.886133,INFO,search,User login
2026-02-02T16:23:35.087758,ERROR,search,DB failure
2026-02-02T16:23:35.289743,INFO,auth,Request OK
2026-02-02T16:23:35.492160,INFO,payment,Cache hit
2026-02-02T16:23:35.693394,ERROR,payment,Timeout
2026-02-02T16:23:35.895828,INFO,payment,User login
2026-02-02T16:23:36.099263,WARN,search,Cache hit
2026-02-02T16:23:36.303129,INFO,auth,User login
2026-02-02T16:23:36.504624,INFO,payment,Cache hit
2026-02-02T16:23:36.706303,INFO,auth,Request OK
2026-02-02T16:23:36.907872,ERROR,auth,DB failure
2026-02-02T16:23:37.109897,INFO,orders,User login
2026-02-02T16:23:37.313834,WARN,orders,Request OK
2026-02-02T16:23:37.516553,INFO,payment,Request OK
2026-02-02T16:23:37.721246,INFO,payment,Request OK
2026-02-02T16:23:37.923197,INFO,orders,User login
2026-02-02T16:23:38.125688,INFO,payment,User login
2026-02-02T16:23:38.335124,WARN,orders,Request OK
2026-02-02T16:23:38.536525,INFO,orders,Cache hit
2026-02-02T16:23:38.738651,INFO,auth,Request OK
2026-02-02T16:23:38.939914,ERROR,search,Null pointer
2026-02-02T16:23:39.142696,WARN,auth,Cache hit
2026-02-02T16:23:39.345157,ERROR,payment,Null pointer
2026-02-02T16:23:39.547357,INFO,orders,Request OK
2026-02-02T16:23:39.748620,INFO,auth,Request OK
2026-02-02T16:23:39.949946,INFO,auth,Cache hit
2026-02-02T16:23:40.156875,INFO,payment,Request OK
2026-02-02T16:23:40.365801,INFO,search,Cache hit
2026-02-02T16:23:40.568907,INFO,auth,User login
2026-02-02T16:23:40.770894,INFO,search,User login
2026-02-02T16:23:40.973052,INFO,orders,Cache hit
2026-02-02T16:23:41.174511,ERROR,orders,Timeout
2026-02-02T16:23:41.376283,INFO,orders,User login
2026-02-02T16:23:41.577378,WARN,payment,User login
2026-02-02T16:23:41.778746,INFO,auth,Cache hit
2026-02-02T16:23:41.980986,INFO,payment,Request OK
2026-02-02T16:23:42.182505,INFO,search,Cache hit
2026-02-02T16:23:42.384997,INFO,orders,User login
2026-02-02T16:23:42.586134,INFO,search,Cache hit
2026-02-02T16:23:42.787984,INFO,orders,Request OK
2026-02-02T16:23:42.989353,INFO,auth,User login
2026-02-02T16:23:43.191680,INFO,auth,User login
2026-02-02T16:23:43.392879,INFO,payment,Request OK
2026-02-02T16:23:43.593985,INFO,orders,Cache hit
2026-02-02T16:23:43.795698,INFO,auth,Cache hit
2026-02-02T16:23:43.997607,INFO,orders,Cache hit
2026-02-02T16:23:44.199883,ERROR,payment,Timeout
2026-02-02T16:23:44.401555,INFO,auth,User login
2026-02-02T16:23:44.603537,ERROR,search,DB failure
2026-02-02T16:23:44.804677,INFO,payment,Cache hit
2026-02-02T16:23:45.006570,INFO,payment,Cache hit
2026-02-02T16:23:45.209491,INFO,orders,Cache hit
2026-02-02T16:23:45.411342,INFO,auth,User login
2026-02-02T16:23:45.612996,INFO,orders,User login
2026-02-02T16:23:45.814115,INFO,auth,Request OK
2026-02-02T16:23:46.018878,INFO,auth,User login
2026-02-02T16:23:46.222909,INFO,auth,User login
2026-02-02T16:23:46.425301,INFO,payment,User login
2026-02-02T16:23:46.626796,WARN,orders,Request OK
2026-02-02T16:23:46.827882,ERROR,auth,Null pointer
2026-02-02T16:23:47.028959,INFO,payment,Cache hit
2026-02-02T16:23:47.230809,INFO,search,User login
2026-02-02T16:23:47.434778,INFO,search,User login
2026-02-02T16:23:47.636865,INFO,payment,Cache hit
2026-02-02T16:23:47.838113,INFO,payment,Cache hit
2026-02-02T16:23:48.039973,INFO,payment,User login
2026-02-02T16:23:48.241187,INFO,payment,User login
2026-02-02T16:23:48.486068,ERROR,search,Null pointer
2026-02-02T16:23:48.689718,INFO,orders,Cache hit
2026-02-02T16:23:48.891099,ERROR,auth,DB failure
2026-02-02T16:23:49.092131,INFO,auth,Request OK
2026-02-02T16:23:49.293220,INFO,orders,Cache hit
2026-02-02T16:23:49.495039,INFO,payment,User login
2026-02-02T16:23:49.696816,INFO,orders,User login
2026-02-02T16:23:49.898076,INFO,auth,Cache hit
2026-02-02T16:23:50.099273,INFO,auth,User login
2026-02-02T16:23:50.301486,INFO,orders,Cache hit
2026-02-02T16:23:50.502552,INFO,payment,Request OK
2026-02-02T16:23:50.704283,WARN,orders,Request OK
2026-02-02T16:23:50.906264,ERROR,search,DB failure
2026-02-02T16:23:51.107926,ERROR,payment,DB failure
2026-02-02T16:23:51.309128,INFO,search,User login
2026-02-02T16:23:51.510227,WARN,orders,Cache hit
2026-02-02T16:23:51.712746,INFO,auth,User login
2026-02-02T16:23:51.915138,INFO,search,Cache hit
2026-02-02T16:23:52.118083,INFO,search,User login
2026-02-02T16:23:52.320174,INFO,payment,Cache hit
2026-02-02T16:23:52.522007,INFO,search,Request OK
2026-02-02T16:23:52.723472,INFO,orders,User login
2026-02-02T16:23:52.925721,INFO,payment,Request OK
2026-02-02T16:23:53.127212,INFO,orders,Cache hit
2026-02-02T16:23:53.328882,INFO,payment,Request OK
2026-02-02T16:23:53.530724,INFO,auth,Cache hit
2026-02-02T16:23:53.733018,INFO,payment,Request OK
2026-02-02T16:23:53.934269,INFO,auth,Cache hit
2026-02-02T16:23:54.137287,WARN,auth,User login
2026-02-02T16:23:54.340719,INFO,payment,Request OK
2026-02-02T16:23:54.544308,INFO,auth,User login
2026-02-02T16:23:54.745630,INFO,orders,Cache hit
2026-02-02T16:23:54.947027,WARN,search,Request OK
2026-02-02T16:23:55.149590,INFO,auth,Cache hit
2026-02-02T16:23:55.350706,INFO,search,Cache hit
2026-02-02T16:23:55.551825,INFO,search,Cache hit
2026-02-02T16:23:55.753742,INFO,payment,User login
2026-02-02T16:23:55.955379,INFO,auth,Request OK
2026-02-02T16:23:56.157556,INFO,orders,Request OK
2026-02-02T16:23:56.358877,INFO,search,Request OK
2026-02-02T16:23:56.560830,ERROR,payment,DB failure
2026-02-02T16:23:56.762524,INFO,search,Cache hit
2026-02-02T16:23:56.978045,INFO,auth,Cache hit
2026-02-02T16:23:57.180262,INFO,auth,User login
2026-02-02T16:23:57.381305,WARN,auth,User login
2026-02-02T16:23:57.582772,WARN,payment,Cache hit
2026-02-02T16:23:57.784261,INFO,auth,Request OK
2026-02-02T16:23:57.985368,INFO,auth,User login
2026-02-02T16:23:58.186928,INFO,payment,Request OK
2026-02-02T16:23:58.388169,WARN,orders,Cache hit
2026-02-02T16:23:58.589938,INFO,search,User login
2026-02-02T16:23:58.792276,INFO,search,Cache hit
2026-02-02T16:23:58.993539,INFO,auth,Request OK
2026-02-02T16:23:59.195301,INFO,orders,Cache hit
2026-02-02T16:23:59.398311,INFO,payment,User login
2026-02-02T16:23:59.600731,INFO,search,Cache hit
2026-02-02T16:23:59.810197,INFO,search,Request OK
2026-02-02T16:24:00.013212,INFO,orders,Request OK
2026-02-02T16:24:00.216209,INFO,auth,User login
2026-02-02T16:24:00.417770,INFO,auth,Request OK
2026-02-02T16:24:00.619084,INFO,payment,Cache hit
2026-02-02T16:24:00.820273,INFO,payment,Cache hit
2026-02-02T16:24:01.021651,INFO,orders,Cache hit
2026-02-02T16:24:01.223955,WARN,auth,Request OK
2026-02-02T16:24:01.425057,INFO,search,User login
2026-02-02T16:24:01.626413,INFO,auth,Request OK
2026-02-02T16:24:01.827579,INFO,auth,Request OK
2026-02-02T16:24:02.029070,INFO,payment,User login
2026-02-02T16:24:02.230260,INFO,auth,Request OK
2026-02-02T16:24:02.432529,INFO,orders,User login
2026-02-02T16:24:02.633695,INFO,auth,Cache hit
2026-02-02T16:24:02.834813,INFO,search,Cache hit
2026-02-02T16:24:03.036404,INFO,auth,User login
2026-02-02T16:24:03.238105,ERROR,payment,DB failure
2026-02-02T16:24:03.440454,INFO,orders,User login
2026-02-02T16:24:03.641840,INFO,auth,Request OK
2026-02-02T16:24:03.844101,INFO,auth,User login
2026-02-02T16:24:04.046082,INFO,auth,Request OK
2026-02-02T16:24:04.247372,INFO,orders,Request OK
2026-02-02T16:24:04.448545,WARN,orders,Request OK
2026-02-02T16:24:04.649965,ERROR,orders,Timeout
2026-02-02T16:24:04.851328,INFO,search,Request OK
2026-02-02T16:24:05.052498,WARN,auth,User login
2026-02-02T16:24:05.254409,INFO,auth,Request OK
2026-02-02T16:24:05.456344,INFO,search,Cache hit
2026-02-02T16:24:05.658326,INFO,payment,Cache hit
2026-02-02T16:24:05.864168,INFO,auth,Request OK
2026-02-02T16:24:06.068439,INFO,search,User login
2026-02-02T16:24:06.270687,ERROR,search,DB failure
2026-02-02T16:24:06.471987,ERROR,payment,DB failure
2026-02-02T16:24:06.674050,INFO,auth,User login
2026-02-02T16:24:06.875105,INFO,payment,Cache hit
2026-02-02T16:24:07.077171,INFO,search,Cache hit
2026-02-02T16:24:07.279434,INFO,search,User login
2026-02-02T16:24:07.480533,INFO,payment,Cache hit
2026-02-02T16:24:07.681884,INFO,search,Request OK
2026-02-02T16:24:07.883217,INFO,search,Request OK
2026-02-02T16:24:08.085022,INFO,orders,User login
2026-02-02T16:24:08.286272,INFO,auth,Cache hit
2026-02-02T16:24:08.487583,INFO,payment,Cache hit
2026-02-02T16:24:08.689265,INFO,auth,Cache hit
2026-02-02T16:24:08.891610,INFO,payment,Request OK
2026-02-02T16:24:09.093918,INFO,search,User login
2026-02-02T16:24:09.294948,ERROR,orders,Timeout
2026-02-02T16:24:09.496241,ERROR,orders,Null pointer
2026-02-02T16:24:09.697346,INFO,search,Request OK
2026-02-02T16:24:09.898723,WARN,orders,User login
2026-02-02T16:24:10.102290,INFO,search,Cache hit
2026-02-02T16:24:10.305689,INFO,orders,Request OK
2026-02-02T16:24:10.523725,ERROR,orders,Null pointer
2026-02-02T16:24:10.728007,ERROR,orders,DB failure
2026-02-02T16:24:10.930264,INFO,auth,Cache hit
2026-02-02T16:24:11.134022,ERROR,auth,Null pointer
2026-02-02T16:24:11.336392,WARN,auth,User login
2026-02-02T16:24:11.547446,INFO,auth,User login
2026-02-02T16:24:11.749672,INFO,search,User login
2026-02-02T16:24:11.971795,INFO,search,Request OK
2026-02-02T16:24:12.200556,WARN,payment,Cache hit
2026-02-02T16:24:12.665715,INFO,orders,Request OK
2026-02-02T16:24:12.869795,INFO,search,Request OK
2026-02-02T16:24:13.071496,INFO,orders,Cache hit
2026-02-02T16:24:13.273117,INFO,orders,Request OK
2026-02-02T16:24:13.476152,INFO,orders,Cache hit
2026-02-02T16:24:13.677677,INFO,auth,Cache hit
2026-02-02T16:24:13.878709,INFO,auth,User login
2026-02-02T16:24:14.080453,INFO,search,User login
2026-02-02T16:24:14.281736,INFO,payment,Cache hit
2026-02-02T16:24:14.483186,INFO,orders,Cache hit
2026-02-02T16:24:14.684552,ERROR,auth,DB failure
2026-02-02T16:24:14.885885,INFO,orders,Cache hit
2026-02-02T16:24:15.097773,WARN,auth,Cache hit
2026-02-02T16:24:15.300145,INFO,orders,User login
2026-02-02T16:24:15.502316,INFO,search,User login
2026-02-02T16:24:15.703412,INFO,auth,Request OK
2026-02-02T16:24:15.906002,INFO,orders,Request OK
2026-02-02T16:24:16.107551,ERROR,search,DB failure
2026-02-02T16:24:16.312010,INFO,search,User login
2026-02-02T16:24:16.514315,ERROR,payment,DB failure
2026-02-02T16:24:16.726719,INFO,orders,User login
2026-02-02T16:24:16.932117,INFO,payment,Request OK
2026-02-02T16:24:17.133852,ERROR,search,Timeout
2026-02-02T16:24:17.335392,INFO,orders,User login
2026-02-02T16:24:17.557449,INFO,payment,Cache hit
2026-02-02T16:24:17.760310,INFO,orders,Request OK
2026-02-02T16:24:17.967615,INFO,orders,Cache hit
2026-02-02T16:24:18.190613,INFO,payment,User login
2026-02-02T16:24:18.393741,INFO,payment,User login
2026-02-02T16:24:18.596565,INFO,search,Cache hit
2026-02-02T16:24:18.799905,INFO,orders,Cache hit
2026-02-02T16:24:19.004433,INFO,search,Request OK
2026-02-02T16:24:19.212835,WARN,orders,Cache hit
2026-02-02T16:24:19.420838,INFO,search,Cache hit
2026-02-02T16:24:19.627235,INFO,auth,User login
2026-02-02T16:24:19.829224,INFO,payment,Request OK
2026-02-02T16:24:20.034894,INFO,search,Request OK
2026-02-02T16:24:20.238478,WARN,auth,User login
2026-02-02T16:24:20.442074,INFO,payment,User login
2026-02-02T16:24:20.643956,INFO,orders,Cache hit
2026-02-02T16:24:20.845258,INFO,search,Request OK
2026-02-02T16:24:21.046562,INFO,orders,User login
2026-02-02T16:24:21.249135,ERROR,orders,Null pointer
2026-02-02T16:24:21.453326,INFO,payment,User login
2026-02-02T16:24:21.655239,INFO,payment,User login
2026-02-02T16:24:21.857029,INFO,auth,Cache hit
2026-02-02T16:24:22.059334,INFO,orders,User login
2026-02-02T16:24:22.261600,ERROR,orders,Timeout
2026-02-02T16:24:22.508271,INFO,search,Request OK
2026-02-02T16:24:22.727695,INFO,orders,Request OK
2026-02-02T16:24:22.936256,INFO,payment,Cache hit
2026-02-02T16:24:23.137805,INFO,orders,User login
2026-02-02T16:24:23.339985,ERROR,search,Null pointer
2026-02-02T16:24:23.542892,INFO,search,User login
2026-02-02T16:24:23.745160,INFO,auth,User login
2026-02-02T16:24:23.947313,INFO,auth,Cache hit
2026-02-02T16:24:24.148589,INFO,auth,Cache hit
2026-02-02T16:24:24.349921,INFO,auth,Cache hit
2026-02-02T16:24:24.551328,ERROR,search,Timeout
2026-02-02T16:24:24.788745,ERROR,search,Null pointer
2026-02-02T16:24:25.013479,INFO,payment,Cache hit
2026-02-02T16:24:25.214881,INFO,orders,Request OK
2026-02-02T16:24:25.418110,INFO,orders,User login
2026-02-02T16:24:25.620416,INFO,search,Cache hit
2026-02-02T16:24:25.822655,INFO,orders,Request OK
2026-02-02T16:24:26.025242,INFO,auth,User login
2026-02-02T16:24:26.227540,WARN,auth,User login
2026-02-02T16:24:26.482721,WARN,payment,User login
2026-02-02T16:24:26.752810,INFO,auth,Request OK
2026-02-02T16:24:26.954009,INFO,payment,User login
2026-02-02T16:24:27.155735,INFO,auth,Cache hit
2026-02-02T16:24:27.356983,INFO,search,Cache hit
2026-02-02T16:24:27.558821,INFO,payment,User login
2026-02-02T16:24:27.760582,INFO,payment,User login
2026-02-02T16:24:27.961997,INFO,payment,User login
2026-02-02T16:24:28.163096,ERROR,payment,Null pointer
2026-02-02T16:24:28.364713,INFO,payment,Cache hit
2026-02-02T16:24:28.565929,INFO,payment,Request OK
2026-02-02T16:24:28.857109,INFO,orders,User login
2026-02-02T16:24:29.059723,INFO,auth,Cache hit
2026-02-02T16:24:29.262139,ERROR,orders,DB failure
2026-02-02T16:24:29.464070,INFO,orders,Cache hit
2026-02-02T16:24:29.665629,INFO,auth,Request OK
2026-02-02T16:24:29.867856,INFO,auth,Request OK
2026-02-02T16:24:30.069595,INFO,auth,User login
2026-02-02T16:24:30.274289,INFO,orders,User login
2026-02-02T16:24:30.475537,INFO,orders,Cache hit
2026-02-02T16:24:30.677569,INFO,orders,User login
2026-02-02T16:24:30.880266,INFO,payment,Cache hit
2026-02-02T16:24:31.082192,ERROR,search,Null pointer
2026-02-02T16:24:31.283549,INFO,payment,Request OK
2026-02-02T16:24:31.484889,INFO,payment,Cache hit
2026-02-02T16:24:31.686106,WARN,auth,User login
2026-02-02T16:24:31.887969,ERROR,auth,DB failure
2026-02-02T16:24:32.089291,INFO,orders,Request OK
2026-02-02T16:24:32.290649,WARN,search,Request OK
2026-02-02T16:24:32.492020,INFO,auth,Cache hit
2026-02-02T16:24:32.693402,INFO,payment,Request OK
2026-02-02T16:24:32.895522,INFO,search,Cache hit
2026-02-02T16:24:33.097737,WARN,search,Cache hit
2026-02-02T16:24:33.299053,ERROR,search,Timeout
2026-02-02T16:24:33.500138,INFO,auth,Cache hit
2026-02-02T16:24:33.701380,INFO,orders,Cache hit
2026-02-02T16:24:33.904545,INFO,search,Cache hit
2026-02-02T16:24:34.105652,INFO,auth,Request OK
